ID	allele_type
YERS_1	core
YERS_2	core
YERS_3	core
YERS_4	core
YERS_5	core
YERS_6	core
YERS_7	core
YERS_8	core
YERS_9	core
YERS_10	core
YERS_11	core
YERS_12	core
YERS_13	core
YERS_14	core
YERS_15	core
YERS_16	core
YERS_17	core
YERS_18	core
YERS_19	core
YERS_20	core
YERS_21	core
YERS_22	core
YERS_23	core
YERS_24	core
YERS_25	core
YERS_26	core
YERS_27	core
YERS_28	core
YERS_29	core
YERS_30	core
YERS_31	core
YERS_32	core
YERS_33	core
YERS_34	core
YERS_35	core
YERS_36	core
YERS_37	core
YERS_38	core
YERS_39	core
YERS_40	core
YERS_41	core
YERS_42	core
YERS_43	core
YERS_44	core
YERS_45	core
YERS_46	core
YERS_47	core
YERS_48	core
YERS_49	core
YERS_50	core
YERS_51	core
YERS_52	core
YERS_53	core
YERS_54	core
YERS_55	core
YERS_56	core
YERS_57	core
YERS_58	core
YERS_59	core
YERS_60	core
YERS_61	core
YERS_62	core
YERS_63	core
YERS_64	core
YERS_65	core
YERS_66	core
YERS_67	core
YERS_68	core
YERS_69	core
YERS_70	core
YERS_71	core
YERS_72	core
YERS_73	core
YERS_74	core
YERS_75	core
YERS_76	core
YERS_77	core
YERS_78	core
YERS_79	core
YERS_80	core
YERS_81	core
YERS_82	core
YERS_83	core
YERS_84	core
YERS_85	core
YERS_86	core
YERS_87	core
YERS_88	core
YERS_89	core
YERS_90	core
YERS_91	core
YERS_92	core
YERS_93	core
YERS_94	core
YERS_95	core
YERS_96	core
YERS_97	core
YERS_98	core
YERS_99	core
YERS_100	core
YERS_101	core
YERS_102	core
YERS_103	core
YERS_104	core
YERS_105	core
YERS_106	core
YERS_107	core
YERS_108	core
YERS_109	core
YERS_110	core
YERS_111	core
YERS_112	core
YERS_113	core
YERS_114	core
YERS_115	core
YERS_116	core
YERS_117	core
YERS_118	core
YERS_119	core
YERS_120	core
YERS_121	core
YERS_122	core
YERS_123	core
YERS_124	core
YERS_125	core
YERS_126	core
YERS_127	core
YERS_128	core
YERS_129	core
YERS_130	core
YERS_131	core
YERS_132	core
YERS_133	core
YERS_134	core
YERS_135	core
YERS_136	core
YERS_137	core
YERS_138	core
YERS_139	core
YERS_140	core
YERS_141	core
YERS_142	core
YERS_143	core
YERS_144	core
YERS_145	core
YERS_146	core
YERS_147	core
YERS_148	core
YERS_149	core
YERS_150	core
YERS_151	core
YERS_152	core
YERS_153	core
YERS_154	core
YERS_155	core
YERS_156	core
YERS_157	core
YERS_158	core
YERS_159	core
YERS_160	core
YERS_161	core
YERS_162	core
YERS_163	core
YERS_164	core
YERS_165	core
YERS_166	core
YERS_167	core
YERS_168	core
YERS_169	core
YERS_170	core
YERS_171	core
YERS_172	core
YERS_173	core
YERS_174	core
YERS_175	core
YERS_176	core
YERS_177	core
YERS_178	core
YERS_179	core
YERS_180	core
YERS_181	core
YERS_182	core
YERS_183	core
YERS_184	core
YERS_185	core
YERS_186	core
YERS_187	core
YERS_188	core
YERS_189	core
YERS_190	core
YERS_191	core
YERS_192	core
YERS_193	core
YERS_194	core
YERS_195	core
YERS_196	core
YERS_197	core
YERS_198	core
YERS_199	core
YERS_200	core
YERS_201	core
YERS_202	core
YERS_203	core
YERS_204	core
YERS_205	core
YERS_206	core
YERS_207	core
YERS_208	core
YERS_209	core
YERS_210	core
YERS_211	core
YERS_212	core
YERS_213	core
YERS_214	core
YERS_215	core
YERS_216	core
YERS_217	core
YERS_218	core
YERS_219	core
YERS_220	core
YERS_221	core
YERS_222	core
YERS_223	core
YERS_224	core
YERS_225	core
YERS_226	core
YERS_227	core
YERS_228	core
YERS_229	core
YERS_230	core
YERS_231	core
YERS_232	core
YERS_233	core
YERS_234	core
YERS_235	core
YERS_236	core
YERS_237	core
YERS_238	core
YERS_239	core
YERS_240	core
YERS_241	core
YERS_242	core
YERS_243	core
YERS_244	core
YERS_245	core
YERS_246	core
YERS_247	core
YERS_248	core
YERS_249	core
YERS_250	core
YERS_251	core
YERS_252	core
YERS_253	core
YERS_254	core
YERS_255	core
YERS_256	core
YERS_257	core
YERS_258	core
YERS_259	core
YERS_260	core
YERS_261	core
YERS_262	core
YERS_263	core
YERS_264	core
YERS_265	core
YERS_266	core
YERS_267	core
YERS_268	core
YERS_269	core
YERS_270	core
YERS_271	core
YERS_272	core
YERS_273	core
YERS_274	core
YERS_275	core
YERS_276	core
YERS_277	core
YERS_278	core
YERS_279	core
YERS_280	core
YERS_281	core
YERS_282	core
YERS_283	core
YERS_284	core
YERS_285	core
YERS_286	core
YERS_287	core
YERS_288	core
YERS_289	core
YERS_290	core
YERS_291	core
YERS_292	core
YERS_293	core
YERS_294	core
YERS_295	core
YERS_296	core
YERS_297	core
YERS_298	core
YERS_299	core
YERS_300	core
YERS_301	core
YERS_302	core
YERS_303	core
YERS_304	core
YERS_305	core
YERS_306	core
YERS_307	core
YERS_308	core
YERS_309	core
YERS_310	core
YERS_311	core
YERS_312	core
YERS_313	core
YERS_314	core
YERS_315	core
YERS_316	core
YERS_317	core
YERS_318	core
YERS_319	core
YERS_320	core
YERS_321	core
YERS_322	core
YERS_323	core
YERS_324	core
YERS_325	core
YERS_326	core
YERS_327	core
YERS_328	core
YERS_329	core
YERS_330	core
YERS_331	core
YERS_332	core
YERS_333	core
YERS_334	core
YERS_335	core
YERS_336	core
YERS_337	core
YERS_338	core
YERS_339	core
YERS_340	core
YERS_341	core
YERS_342	core
YERS_343	core
YERS_344	core
YERS_345	core
YERS_346	core
YERS_347	core
YERS_348	core
YERS_349	core
YERS_350	core
YERS_351	core
YERS_352	core
YERS_353	core
YERS_354	core
YERS_355	core
YERS_356	core
YERS_357	core
YERS_358	core
YERS_359	core
YERS_360	core
YERS_361	core
YERS_362	core
YERS_363	core
YERS_364	core
YERS_365	core
YERS_366	core
YERS_367	core
YERS_368	core
YERS_369	core
YERS_370	core
YERS_371	core
YERS_372	core
YERS_373	core
YERS_374	core
YERS_375	core
YERS_376	core
YERS_377	core
YERS_378	core
YERS_379	core
YERS_380	core
YERS_381	core
YERS_382	core
YERS_383	core
YERS_384	core
YERS_385	core
YERS_386	core
YERS_387	core
YERS_388	core
YERS_389	core
YERS_390	core
YERS_391	core
YERS_392	core
YERS_393	core
YERS_394	core
YERS_395	core
YERS_396	core
YERS_397	core
YERS_398	core
YERS_399	core
YERS_400	core
YERS_401	core
YERS_402	core
YERS_403	core
YERS_404	core
YERS_405	core
YERS_406	core
YERS_407	core
YERS_408	core
YERS_409	core
YERS_410	core
YERS_411	core
YERS_412	core
YERS_413	core
YERS_414	core
YERS_415	core
YERS_416	core
YERS_417	core
YERS_418	core
YERS_419	core
YERS_420	core
YERS_421	core
YERS_422	core
YERS_423	core
YERS_424	core
YERS_425	core
YERS_426	core
YERS_427	core
YERS_428	core
YERS_429	core
YERS_430	core
YERS_431	core
YERS_432	core
YERS_433	core
YERS_434	core
YERS_435	core
YERS_436	core
YERS_437	core
YERS_438	core
YERS_439	core
YERS_440	core
YERS_441	core
YERS_442	core
YERS_443	core
YERS_444	core
YERS_445	core
YERS_446	core
YERS_447	core
YERS_448	core
YERS_449	core
YERS_450	core
YERS_451	core
YERS_452	core
YERS_453	core
YERS_454	core
YERS_455	core
YERS_456	core
YERS_457	core
YERS_458	core
YERS_459	core
YERS_460	core
YERS_461	core
YERS_462	core
YERS_463	core
YERS_464	core
YERS_465	core
YERS_466	core
YERS_467	core
YERS_468	core
YERS_469	core
YERS_470	core
YERS_471	core
YERS_472	core
YERS_473	core
YERS_474	core
YERS_475	core
YERS_476	core
YERS_477	core
YERS_478	core
YERS_479	core
YERS_480	core
YERS_481	core
YERS_482	core
YERS_483	core
YERS_484	core
YERS_485	core
YERS_486	core
YERS_487	core
YERS_488	core
YERS_489	core
YERS_490	core
YERS_491	core
YERS_492	core
YERS_493	core
YERS_494	core
YERS_495	core
YERS_496	core
YERS_497	core
YERS_498	core
YERS_499	core
YERS_500	core
YERS_501	core
YERS_502	core
YERS_503	core
YERS_504	core
YERS_505	core
YERS_506	core
YERS_507	core
YERS_508	core
YERS_509	core
YERS_510	core
YERS_511	core
YERS_512	core
YERS_513	core
YERS_514	core
YERS_515	core
YERS_516	core
YERS_517	core
YERS_518	core
YERS_519	core
YERS_520	core
YERS_521	core
YERS_522	core
YERS_523	core
YERS_524	core
YERS_525	core
YERS_526	core
YERS_527	core
YERS_528	core
YERS_529	core
YERS_530	core
YERS_531	core
YERS_532	core
YERS_533	core
YERS_534	core
YERS_535	core
YERS_536	core
YERS_537	core
YERS_538	core
YERS_539	core
YERS_540	core
YERS_541	core
YERS_542	core
YERS_543	core
YERS_544	core
YERS_545	core
YERS_546	core
YERS_547	core
YERS_548	core
YERS_549	core
YERS_550	core
YERS_551	core
YERS_552	core
YERS_553	core
YERS_554	core
YERS_555	core
YERS_556	core
YERS_557	core
YERS_558	core
YERS_559	core
YERS_560	core
YERS_561	core
YERS_562	core
YERS_563	core
YERS_564	core
YERS_565	core
YERS_566	core
YERS_567	core
YERS_568	core
YERS_569	core
YERS_570	core
YERS_571	core
YERS_572	core
YERS_573	core
YERS_574	core
YERS_575	core
YERS_576	core
YERS_577	core
YERS_578	core
YERS_579	core
YERS_580	core
YERS_581	core
YERS_582	core
YERS_583	core
YERS_584	core
YERS_585	core
YERS_586	core
YERS_587	core
YERS_588	core
YERS_589	core
YERS_590	core
YERS_591	core
YERS_592	core
YERS_593	core
YERS_594	core
YERS_595	core
YERS_596	core
YERS_597	core
YERS_598	core
YERS_599	core
YERS_600	core
YERS_601	core
YERS_602	core
YERS_603	core
YERS_604	core
YERS_605	core
YERS_606	core
YERS_607	core
YERS_608	core
YERS_609	core
YERS_610	core
YERS_611	core
YERS_612	core
YERS_613	core
YERS_614	core
YERS_615	core
YERS_616	core
YERS_617	core
YERS_618	core
YERS_619	core
YERS_620	core
YERS_621	core
YERS_622	core
YERS_623	core
YERS_624	core
YERS_625	core
YERS_626	core
YERS_627	core
YERS_628	core
YERS_629	core
YERS_630	core
YERS_631	core
YERS_632	core
YERS_633	core
YERS_634	core
YERS_635	core
YERS_636	core
YERS_637	core
YERS_638	core
YERS_639	core
YERS_640	core
YERS_641	core
YERS_642	core
YERS_643	core
YERS_644	core
YERS_645	core
YERS_646	core
YERS_647	core
YERS_648	core
YERS_649	core
YERS_650	core
YERS_651	core
YERS_652	core
YERS_653	core
YERS_654	core
YERS_655	core
YERS_656	core
YERS_657	core
YERS_658	core
YERS_659	core
YERS_660	core
YERS_661	core
YERS_662	core
YERS_663	core
YERS_664	core
YERS_665	core
YERS_666	core
YERS_667	core
YERS_668	core
YERS_669	core
YERS_670	core
YERS_671	core
YERS_672	core
YERS_673	core
YERS_674	core
YERS_675	core
YERS_676	core
YERS_677	core
YERS_678	core
YERS_679	core
YERS_680	core
YERS_681	core
YERS_682	core
YERS_683	core
YERS_684	core
YERS_685	core
YERS_686	core
YERS_687	core
YERS_688	core
YERS_689	core
YERS_690	core
YERS_691	core
YERS_692	core
YERS_693	core
YERS_694	core
YERS_695	core
YERS_696	core
YERS_697	core
YERS_698	core
YERS_699	core
YERS_700	core
YERS_701	core
YERS_702	core
YERS_703	core
YERS_704	core
YERS_705	core
YERS_706	core
YERS_707	core
YERS_708	core
YERS_709	core
YERS_710	core
YERS_711	core
YERS_712	core
YERS_713	core
YERS_714	core
YERS_715	core
YERS_716	core
YERS_717	core
YERS_718	core
YERS_719	core
YERS_720	core
YERS_721	core
YERS_722	core
YERS_723	core
YERS_724	core
YERS_725	core
YERS_726	core
YERS_727	core
YERS_728	core
YERS_729	core
YERS_730	core
YERS_731	core
YERS_732	core
YERS_733	core
YERS_734	core
YERS_735	core
YERS_736	core
YERS_737	core
YERS_738	core
YERS_739	core
YERS_740	core
YERS_741	core
YERS_742	core
YERS_743	core
YERS_744	core
YERS_745	core
YERS_746	core
YERS_747	core
YERS_748	core
YERS_749	core
YERS_750	core
YERS_751	core
YERS_752	core
YERS_753	core
YERS_754	core
YERS_755	core
YERS_756	core
YERS_757	core
YERS_758	core
YERS_759	core
YERS_760	core
YERS_761	core
YERS_762	core
YERS_763	core
YERS_764	core
YERS_765	core
YERS_766	core
YERS_767	core
YERS_768	core
YERS_769	core
YERS_770	core
YERS_771	core
YERS_772	core
YERS_773	core
YERS_774	core
YERS_775	core
YERS_776	core
YERS_777	core
YERS_778	core
YERS_779	core
YERS_780	core
YERS_781	core
YERS_782	core
YERS_783	core
YERS_784	core
YERS_785	core
YERS_786	core
YERS_787	core
YERS_788	core
YERS_789	core
YERS_790	core
YERS_791	core
YERS_792	core
YERS_793	core
YERS_794	core
YERS_795	core
YERS_796	core
YERS_797	core
YERS_798	core
YERS_799	core
YERS_800	core
YERS_801	core
YERS_802	core
YERS_803	core
YERS_804	core
YERS_805	core
YERS_806	core
YERS_807	core
YERS_808	core
YERS_809	core
YERS_810	core
YERS_811	core
YERS_812	core
YERS_813	core
YERS_814	core
YERS_815	core
YERS_816	core
YERS_817	core
YERS_818	core
YERS_819	core
YERS_820	core
YERS_821	core
YERS_822	core
YERS_823	core
YERS_824	core
YERS_825	core
YERS_826	core
YERS_827	core
YERS_828	core
YERS_829	core
YERS_830	core
YERS_831	core
YERS_832	core
YERS_833	core
YERS_834	core
YERS_835	core
YERS_836	core
YERS_837	core
YERS_838	core
YERS_839	core
YERS_840	core
YERS_841	core
YERS_842	core
YERS_843	core
YERS_844	core
YERS_845	core
YERS_846	core
YERS_847	core
YERS_848	core
YERS_849	core
YERS_850	core
YERS_851	core
YERS_852	core
YERS_853	core
YERS_854	core
YERS_855	core
YERS_856	core
YERS_857	core
YERS_858	core
YERS_859	core
YERS_860	core
YERS_861	core
YERS_862	core
YERS_863	core
YERS_864	core
YERS_865	core
YERS_866	core
YERS_867	core
YERS_868	core
YERS_869	core
YERS_870	core
YERS_871	core
YERS_872	core
YERS_873	core
YERS_874	core
YERS_875	core
YERS_876	core
YERS_877	core
YERS_878	core
YERS_879	core
YERS_880	core
YERS_881	core
YERS_882	core
YERS_883	core
YERS_884	core
YERS_885	core
YERS_886	core
YERS_887	core
YERS_888	core
YERS_889	core
YERS_890	core
YERS_891	core
YERS_892	core
YERS_893	core
YERS_894	core
YERS_895	core
YERS_896	core
YERS_897	core
YERS_898	core
YERS_899	core
YERS_900	core
YERS_901	core
YERS_902	core
YERS_903	core
YERS_904	core
YERS_905	core
YERS_906	core
YERS_907	core
YERS_908	core
YERS_909	core
YERS_910	core
YERS_911	core
YERS_912	core
YERS_913	core
YERS_914	core
YERS_915	core
YERS_916	core
YERS_917	core
YERS_918	core
YERS_919	core
YERS_920	core
YERS_921	core
YERS_922	core
YERS_923	core
YERS_924	core
YERS_925	core
YERS_926	core
YERS_927	core
YERS_928	core
YERS_929	core
YERS_930	core
YERS_931	core
YERS_932	core
YERS_933	core
YERS_934	core
YERS_935	core
YERS_936	core
YERS_937	core
YERS_938	core
YERS_939	core
YERS_940	core
YERS_941	core
YERS_942	core
YERS_943	core
YERS_944	core
YERS_945	core
YERS_946	core
YERS_947	core
YERS_948	core
YERS_949	core
YERS_950	core
YERS_951	core
YERS_952	core
YERS_953	core
YERS_954	core
YERS_955	core
YERS_956	core
YERS_957	core
YERS_958	core
YERS_959	core
YERS_960	core
YERS_961	core
YERS_962	core
YERS_963	core
YERS_964	core
YERS_965	core
YERS_966	core
YERS_967	core
YERS_968	core
YERS_969	core
YERS_970	core
YERS_971	core
YERS_972	core
YERS_973	core
YERS_974	core
YERS_975	core
YERS_976	core
YERS_977	core
YERS_978	core
YERS_979	core
YERS_980	core
YERS_981	core
YERS_982	core
YERS_983	core
YERS_984	core
YERS_985	core
YERS_986	core
YERS_987	core
YERS_988	core
YERS_989	core
YERS_990	core
YERS_991	core
YERS_992	core
YERS_993	core
YERS_994	core
YERS_995	core
YERS_996	core
YERS_997	core
YERS_998	core
YERS_999	core
YERS_1000	core
YERS_1001	core
YERS_1002	core
YERS_1003	core
YERS_1004	core
YERS_1005	core
YERS_1006	core
YERS_1007	core
YERS_1008	core
YERS_1009	core
YERS_1010	core
YERS_1011	core
YERS_1012	core
YERS_1013	core
YERS_1014	core
YERS_1015	core
YERS_1016	core
YERS_1017	core
YERS_1018	core
YERS_1019	core
YERS_1020	core
YERS_1021	core
YERS_1022	core
YERS_1023	core
YERS_1024	core
YERS_1025	core
YERS_1026	core
YERS_1027	core
YERS_1028	core
YERS_1029	core
YERS_1030	core
YERS_1031	core
YERS_1032	core
YERS_1033	core
YERS_1034	core
YERS_1035	core
YERS_1036	core
YERS_1037	core
YERS_1038	core
YERS_1039	core
YERS_1040	core
YERS_1041	core
YERS_1042	core
YERS_1043	core
YERS_1044	core
YERS_1045	core
YERS_1046	core
YERS_1047	core
YERS_1048	core
YERS_1049	core
YERS_1050	core
YERS_1051	core
YERS_1052	core
YERS_1053	core
YERS_1054	core
YERS_1055	core
YERS_1056	core
YERS_1057	core
YERS_1058	core
YERS_1059	core
YERS_1060	core
YERS_1061	core
YERS_1062	core
YERS_1063	core
YERS_1064	core
YERS_1065	core
YERS_1066	core
YERS_1067	core
YERS_1068	core
YERS_1069	core
YERS_1070	core
YERS_1071	core
YERS_1072	core
YERS_1073	core
YERS_1074	core
YERS_1075	core
YERS_1076	core
YERS_1077	core
YERS_1078	core
YERS_1079	core
YERS_1080	core
YERS_1081	core
YERS_1082	core
YERS_1083	core
YERS_1084	core
YERS_1085	core
YERS_1086	core
YERS_1087	core
YERS_1088	core
YERS_1089	core
YERS_1090	core
YERS_1091	core
YERS_1092	core
YERS_1093	core
YERS_1094	core
YERS_1095	core
YERS_1096	core
YERS_1097	core
YERS_1098	core
YERS_1099	core
YERS_1100	core
YERS_1101	core
YERS_1102	core
YERS_1103	core
YERS_1104	core
YERS_1105	core
YERS_1106	core
YERS_1107	core
YERS_1108	core
YERS_1109	core
YERS_1110	core
YERS_1111	core
YERS_1112	core
YERS_1113	core
YERS_1114	core
YERS_1115	core
YERS_1116	core
YERS_1117	core
YERS_1118	core
YERS_1119	core
YERS_1120	core
YERS_1121	core
YERS_1122	core
YERS_1123	core
YERS_1124	core
YERS_1125	core
YERS_1126	core
YERS_1127	core
YERS_1128	core
YERS_1129	core
YERS_1130	core
YERS_1131	core
YERS_1132	core
YERS_1133	core
YERS_1134	core
YERS_1135	core
YERS_1136	core
YERS_1137	core
YERS_1138	core
YERS_1139	core
YERS_1140	core
YERS_1141	core
YERS_1142	core
YERS_1143	core
YERS_1144	core
YERS_1145	core
YERS_1146	core
YERS_1147	core
YERS_1148	core
YERS_1149	core
YERS_1150	core
YERS_1151	core
YERS_1152	core
YERS_1153	core
YERS_1154	core
YERS_1155	core
YERS_1156	core
YERS_1157	core
YERS_1158	core
YERS_1159	core
YERS_1160	core
YERS_1161	core
YERS_1162	core
YERS_1163	core
YERS_1164	core
YERS_1165	core
YERS_1166	core
YERS_1167	core
YERS_1168	core
YERS_1169	core
YERS_1170	core
YERS_1171	core
YERS_1172	core
YERS_1173	core
YERS_1174	core
YERS_1175	core
YERS_1176	core
YERS_1177	core
YERS_1178	core
YERS_1179	core
YERS_1180	core
YERS_1181	core
YERS_1182	core
YERS_1183	core
YERS_1184	core
YERS_1185	core
YERS_1186	core
YERS_1187	core
YERS_1188	core
YERS_1189	core
YERS_1190	core
YERS_1191	core
YERS_1192	core
YERS_1193	core
YERS_1194	core
YERS_1195	core
YERS_1196	core
YERS_1197	core
YERS_1198	core
YERS_1199	core
YERS_1200	core
YERS_1201	core
YERS_1202	core
YERS_1203	core
YERS_1204	core
YERS_1205	core
YERS_1206	core
YERS_1207	core
YERS_1208	core
YERS_1209	core
YERS_1210	core
YERS_1211	core
YERS_1212	core
YERS_1213	core
YERS_1214	core
YERS_1215	core
YERS_1216	core
YERS_1217	core
YERS_1218	core
YERS_1219	core
YERS_1220	core
YERS_1221	core
YERS_1222	core
YERS_1223	core
YERS_1224	core
YERS_1225	core
YERS_1226	core
YERS_1227	core
YERS_1228	core
YERS_1229	core
YERS_1230	core
YERS_1231	core
YERS_1232	core
YERS_1233	core
YERS_1234	core
YERS_1235	core
YERS_1236	core
YERS_1237	core
YERS_1238	core
YERS_1239	core
YERS_1240	core
YERS_1241	core
YERS_1242	core
YERS_1243	core
YERS_1244	core
YERS_1245	core
YERS_1246	core
YERS_1247	core
YERS_1248	core
YERS_1249	core
YERS_1250	core
YERS_1251	core
YERS_1252	core
YERS_1253	core
YERS_1254	core
YERS_1255	core
YERS_1256	core
YERS_1257	core
YERS_1258	core
YERS_1259	core
YERS_1260	core
YERS_1261	core
YERS_1262	core
YERS_1263	core
YERS_1264	core
YERS_1265	core
YERS_1266	core
YERS_1267	core
YERS_1268	core
YERS_1269	core
YERS_1270	core
YERS_1271	core
YERS_1272	core
YERS_1273	core
YERS_1274	core
YERS_1275	core
YERS_1276	core
YERS_1277	core
YERS_1278	core
YERS_1279	core
YERS_1280	core
YERS_1281	core
YERS_1282	core
YERS_1283	core
YERS_1284	core
YERS_1285	core
YERS_1286	core
YERS_1287	core
YERS_1288	core
YERS_1289	core
YERS_1290	core
YERS_1291	core
YERS_1292	core
YERS_1293	core
YERS_1294	core
YERS_1295	core
YERS_1296	core
YERS_1297	core
YERS_1298	core
YERS_1299	core
YERS_1300	core
YERS_1301	core
YERS_1302	core
YERS_1303	core
YERS_1304	core
YERS_1305	core
YERS_1306	core
YERS_1307	core
YERS_1308	core
YERS_1309	core
YERS_1310	core
YERS_1311	core
YERS_1312	core
YERS_1313	core
YERS_1314	core
YERS_1315	core
YERS_1316	core
YERS_1317	core
YERS_1318	core
YERS_1319	core
YERS_1320	core
YERS_1321	core
YERS_1322	core
YERS_1323	core
YERS_1324	core
YERS_1325	core
YERS_1326	core
YERS_1327	core
YERS_1328	core
YERS_1329	core
YERS_1330	core
YERS_1331	core
YERS_1332	core
YERS_1333	core
YERS_1334	core
YERS_1335	core
YERS_1336	core
YERS_1337	core
YERS_1338	core
YERS_1339	core
YERS_1340	core
YERS_1341	core
YERS_1342	core
YERS_1343	core
YERS_1344	core
YERS_1345	core
YERS_1346	core
YERS_1347	core
YERS_1348	core
YERS_1349	core
YERS_1350	core
YERS_1351	core
YERS_1352	core
YERS_1353	core
YERS_1354	core
YERS_1355	core
YERS_1356	core
YERS_1357	core
YERS_1358	core
YERS_1359	core
YERS_1360	core
YERS_1361	core
YERS_1362	core
YERS_1363	core
YERS_1364	core
YERS_1365	core
YERS_1366	core
YERS_1367	core
YERS_1368	core
YERS_1369	core
YERS_1370	core
YERS_1371	core
YERS_1372	core
YERS_1373	core
YERS_1374	core
YERS_1375	core
YERS_1376	core
YERS_1377	core
YERS_1378	core
YERS_1379	core
YERS_1380	core
YERS_1381	core
YERS_1382	core
YERS_1383	core
YERS_1384	core
YERS_1385	core
YERS_1386	core
YERS_1387	core
YERS_1388	core
YERS_1389	core
YERS_1390	core
YERS_1391	core
YERS_1392	core
YERS_1393	core
YERS_1394	core
YERS_1395	core
YERS_1396	core
YERS_1397	core
YERS_1398	core
YERS_1399	core
YERS_1400	core
YERS_1401	core
YERS_1402	core
YERS_1403	core
YERS_1404	core
YERS_1405	core
YERS_1406	core
YERS_1407	core
YERS_1408	core
YERS_1409	core
YERS_1410	core
YERS_1411	core
YERS_1412	core
YERS_1413	core
YERS_1414	core
YERS_1415	core
YERS_1416	core
YERS_1417	core
YERS_1418	core
YERS_1419	core
YERS_1420	core
YERS_1421	core
YERS_1422	core
YERS_1423	core
YERS_1424	core
YERS_1425	core
YERS_1426	core
YERS_1427	core
YERS_1428	core
YERS_1429	core
YERS_1430	core
YERS_1431	core
YERS_1432	core
YERS_1433	core
YERS_1434	core
YERS_1435	core
YERS_1436	core
YERS_1437	core
YERS_1438	core
YERS_1439	core
YERS_1440	core
YERS_1441	core
YERS_1442	core
YERS_1443	core
YERS_1444	core
YERS_1445	core
YERS_1446	core
YERS_1447	core
YERS_1448	core
YERS_1449	core
YERS_1450	core
YERS_1451	core
YERS_1452	core
YERS_1453	core
YERS_1454	core
YERS_1455	core
YERS_1456	core
YERS_1457	core
YERS_1458	core
YERS_1459	core
YERS_1460	core
YERS_1461	core
YERS_1462	core
YERS_1463	core
YERS_1464	core
YERS_1465	core
YERS_1466	core
YERS_1467	core
YERS_1468	core
YERS_1469	core
YERS_1470	core
YERS_1471	core
YERS_1472	core
YERS_1473	core
YERS_1474	core
YERS_1475	core
YERS_1476	core
YERS_1477	core
YERS_1478	core
YERS_1479	core
YERS_1480	core
YERS_1481	core
YERS_1482	core
YERS_1483	core
YERS_1484	core
YERS_1485	core
YERS_1486	core
YERS_1487	core
YERS_1488	core
YERS_1489	core
YERS_1490	core
YERS_1491	core
YERS_1492	core
YERS_1493	core
YERS_1494	core
YERS_1495	core
YERS_1496	core
YERS_1497	core
YERS_1498	core
YERS_1499	core
YERS_1500	core
YERS_1501	core
YERS_1502	core
YERS_1503	core
YERS_1504	core
YERS_1505	core
YERS_1506	core
YERS_1507	core
YERS_1508	core
YERS_1509	core
YERS_1510	core
YERS_1511	core
YERS_1512	core
YERS_1513	core
YERS_1514	core
YERS_1515	core
YERS_1516	core
YERS_1517	core
YERS_1518	core
YERS_1519	core
YERS_1520	core
YERS_1521	core
YERS_1522	core
YERS_1523	core
YERS_1524	core
YERS_1525	core
YERS_1526	core
YERS_1527	core
YERS_1528	core
YERS_1529	core
YERS_1530	core
YERS_1531	core
YERS_1532	core
YERS_1533	core
YERS_1534	core
YERS_1535	core
YERS_1536	core
YERS_1537	core
YERS_1538	core
YERS_1539	core
YERS_1540	core
YERS_1541	core
YERS_1542	core
YERS_1543	core
YERS_1544	core
YERS_1545	core
YERS_1546	core
YERS_1547	core
YERS_1548	core
YERS_1549	core
YERS_1550	core
YERS_1551	core
YERS_1552	core
YERS_1553	core
YERS_1554	core
YERS_1555	core
YERS_1556	core
YERS_1557	core
YERS_1558	core
YERS_1559	core
YERS_1560	core
YERS_1561	core
YERS_1562	core
YERS_1563	core
YERS_1564	core
YERS_1565	core
YERS_1566	core
YERS_1567	core
YERS_1568	core
YERS_1569	core
YERS_1570	core
YERS_1571	core
YERS_1572	core
YERS_1573	core
YERS_1574	core
YERS_1575	core
YERS_1576	core
YERS_1577	core
YERS_1578	core
YERS_1579	core
YERS_1580	core
YERS_1581	core
YERS_1582	core
YERS_1583	core
YERS_1584	core
YERS_1585	core
YERS_1586	core
YERS_1587	core
YERS_1588	core
YERS_1589	core
YERS_1590	core
YERS_1591	core
YERS_1592	core
YERS_1593	core
YERS_1594	core
YERS_1595	core
YERS_1596	core
YERS_1597	core
YERS_1598	core
YERS_1599	core
YERS_1600	core
YERS_1601	core
YERS_1602	core
YERS_1603	core
YERS_1604	core
YERS_1605	core
YERS_1606	core
YERS_1607	core
YERS_1608	core
YERS_1609	core
YERS_1610	core
YERS_1611	core
YERS_1612	core
YERS_1613	core
YERS_1614	core
YERS_1615	core
YERS_1616	core
YERS_1617	core
YERS_1618	core
YERS_1619	core
YERS_1620	core
YERS_1621	core
YERS_1622	core
YERS_1623	core
YERS_1624	core
YERS_1625	core
YERS_1626	core
YERS_1627	core
YERS_1628	core
YERS_1629	core
YERS_1630	core
YERS_1631	core
YERS_1632	core
YERS_1633	core
YERS_1634	core
YERS_1635	core
YERS_1636	core
YERS_1637	core
YERS_1638	core
YERS_1639	core
YERS_1640	core
YERS_1641	core
YERS_1642	core
YERS_1643	core
YERS_1644	core
YERS_1645	core
YERS_1646	core
YERS_1647	core
YERS_1648	core
YERS_1649	core
YERS_1650	core
YERS_1651	core
YERS_1652	core
YERS_1653	core
YERS_1654	core
YERS_1655	core
YERS_1656	core
YERS_1657	core
YERS_1658	core
YERS_1659	core
YERS_1660	core
YERS_1661	core
YERS_1662	core
YERS_1663	core
YERS_1664	core
YERS_1665	core
YERS_1666	core
YERS_1667	core
YERS_1668	core
YERS_1669	core
YERS_1670	core
YERS_1671	core
YERS_1672	core
YERS_1673	core
YERS_1674	core
YERS_1675	core
YERS_1676	core
YERS_1677	core
YERS_1678	core
YERS_1679	core
YERS_1680	core
YERS_1681	core
YERS_1682	core
YERS_1683	core
YERS_1684	core
YERS_1685	core
YERS_1686	core
YERS_1687	core
YERS_1688	core
YERS_1689	core
YERS_1690	core
YERS_1691	core
YERS_1692	core
YERS_1693	core
YERS_1694	core
YERS_1695	core
YERS_1696	core
YERS_1697	core
YERS_1698	core
YERS_1699	core
YERS_1700	core
YERS_1701	core
YERS_1702	core
YERS_1703	core
YERS_1704	core
YERS_1705	core
YERS_1706	core
YERS_1707	core
YERS_1708	core
YERS_1709	core
YERS_1710	core
YERS_1711	core
YERS_1712	core
YERS_1713	core
YERS_1714	core
YERS_1715	core
YERS_1716	core
YERS_1717	core
YERS_1718	core
YERS_1719	core
YERS_1720	core
YERS_1721	core
YERS_1722	core
YERS_1723	core
YERS_1724	core
YERS_1725	core
YERS_1726	core
